,train_loss,train_acc,test_loss,test_acc,train_epoch_time,test_epoch_time
0,0.3535484821303015,0.8763320545609549,0.5171811027680269,0.8401239451476794,177.76654783884683,14.111428419748941
1,0.21078136043372195,0.9278452685421995,0.4746301929281734,0.8563752637130801,169.48136671384177,10.838062604268393
2,0.15209849932602584,0.9475769927536232,0.45029283512996726,0.8723958333333334,169.70363759994507,10.833618561426798
3,0.12122967978463034,0.9581774829497016,0.42437576128460686,0.8840651371308016,169.70775119463602,10.904809554417929
4,0.09207961823094957,0.9681159420289855,0.48151978265635575,0.8706487341772151,169.60870758692423,10.854485511779785
