,train_loss,train_acc,test_loss,test_acc,train_epoch_time,test_epoch_time
0,0.8153520065398675,0.7161032075873828,0.5906902638417256,0.7967101793248945,185.06062150001526,13.017662843068441
1,0.44701323481014626,0.8455669224211424,0.618525863574024,0.7901503164556963,185.00473960240683,12.97314445177714
2,0.3222550956337043,0.888116741261722,0.4364708064886336,0.8523206751054854,185.06849932670593,12.956862529118856
3,0.24258731255420538,0.9151201513213981,0.4362071343237841,0.8589464662447258,184.9956010977427,12.969340562820435
4,0.1794394131619658,0.9376118925831202,0.4795473593322537,0.8547270569620253,184.99557534853616,12.993279695510864
