,train_loss,train_acc,test_loss,test_acc,train_epoch_time,test_epoch_time
0,0.7734352213799801,0.7332720588235294,0.8021002789086933,0.7477254746835443,184.97013521194458,12.989331245422363
1,0.4336990880996675,0.8500519501278773,0.4794120400012294,0.8337618670886076,185.34037280082703,12.95148253440857
2,0.3054939850288279,0.894429347826087,0.4282115811034094,0.8533425632911392,185.38697290420532,13.055891036987305
3,0.22675139940989292,0.9198289641943733,0.43866820652273636,0.8579905063291139,185.59136772155762,13.049540519714355
4,0.17226883687098007,0.9394820971867007,0.39014778088165236,0.8753955696202531,185.53036975860596,13.05171251296997
