,train_loss,train_acc,test_loss,test_acc,train_epoch_time,test_epoch_time
0,1.1024209828023106,0.6367647058823529,1.751239382767979,0.4924841772151899,10.527613639831543,1.3577687740325928
1,1.0223965739350185,0.6616168478260869,0.9930837177023103,0.6658425632911392,8.353619575500488,1.2717220783233643
