,train_loss,train_acc,test_loss,test_acc,train_epoch_time,test_epoch_time
0,0.8240060121049662,0.7110533887468031,0.6937821846974047,0.7589003164556962,196.98425221443176,20.950481414794922
1,0.4456776421698158,0.8455762468030691,0.56325192315669,0.8079509493670886,169.965646982193,10.940800428390503
2,0.3201551571526491,0.8887188299232737,0.4809920006914984,0.8391020569620253,170.35007905960083,10.773857831954956
3,0.23656934490213005,0.9174912084398976,0.4162855295440819,0.8601661392405063,170.3527970314026,10.902799844741821
4,0.17383407206867663,0.939649936061381,0.35764892154102085,0.884493670886076,170.1602418422699,10.879653692245483
