,train_loss,train_acc,test_loss,test_acc,train_epoch_time,test_epoch_time
0,0.7762608368073582,0.7313698849104859,0.6360491819774048,0.7786787974683544,197.09918785095215,21.780654191970825
1,0.4318419880116992,0.8527853260869565,0.45326086916501007,0.8450356012658228,169.56939387321472,10.890566110610962
2,0.30857974176516617,0.8931705562659847,0.4169217859265171,0.8568037974683544,170.22274684906006,10.918706178665161
3,0.22924999153370137,0.9198649296675192,0.37807703055912933,0.8712420886075949,170.27843642234802,10.909490823745728
4,0.16999400034546852,0.9408527813299233,0.4632236338868926,0.8580893987341772,170.17428398132324,10.876625537872314
