,train_loss,train_acc,test_loss,test_acc,train_epoch_time,test_epoch_time
0,0.8159253838117165,0.7141863810741688,1.0184769924682906,0.696993670886076,71.50694537162781,7.493951320648193
1,0.4396123137620404,0.8512587915601023,0.46482908084422725,0.8435522151898734,70.81418013572693,7.523393154144287
2,0.32174358274930576,0.8888387148337595,0.42915273504921153,0.8518591772151899,70.85825419425964,7.431877851486206
3,0.24048754029795336,0.9162364130434784,0.485091531201254,0.8452333860759493,70.98517632484436,7.456049680709839
4,0.18205572713328444,0.9366967710997443,0.39976719795148585,0.8708465189873418,70.91354274749756,7.35971736907959
