,train_loss,train_acc,test_loss,test_acc,train_epoch_time,test_epoch_time
0,0.7892131659076037,0.7289402173913043,0.657841489662098,0.7734375,184.44205141067505,12.815213680267334
1,0.4332530214201154,0.8503796355498722,0.5298027458447444,0.8327729430379747,185.03868079185486,12.874253749847412
2,0.3184634904803522,0.8897538363171356,0.44448458205295516,0.8499802215189873,185.24154257774353,12.868787050247192
3,0.2302148631962059,0.9207760549872123,0.38211827451669717,0.8784612341772152,185.38610172271729,12.984679698944092
4,0.17807523561331928,0.9381953324808184,0.365407048146936,0.8809335443037974,185.3732681274414,13.00475811958313
